<Ui xmlns="http://www.blizzard.com/wow/ui/" xmlns:xsi="http://www.w3.org/2001/XMLSchema-instance" xsi:schemaLocation="http://www.blizzard.com/wow/ui/
..\FrameXML\UI.xsd">
	<Script file="Modules\Hacks.lua"/>
	<Script file="Modules\QuestLog.lua"/>
	<Script file="Modules\Filters.lua"/>
	<Script file="Modules\ActiveButton.lua"/>
	<Script file="Modules\Addon_PetTracker.lua"/>
	<Script file="Modules\Addon_TomTom.lua"/>
	<Script file="Modules\Addon_Others.lua"/>
	<Script file="Modules\Help.lua"/>
</Ui>